{"cameraMode":{"drawMode":0,"name":"Shaded","section":"Shading Mode"},"sceneLighting":true,"audioPlay":false,"sceneViewState":{"m_AlwaysRefresh":false,"showFog":true,"showSkybox":true,"showFlares":true,"showImageEffects":true,"showParticleSystems":true,"showVisualEffectGraphs":true,"m_FxEnabled":true},"in2DMode":false,"pivot":{"x":246.42910766601563,"y":44.237510681152347,"z":240.43106079101563},"rotation":{"x":0.4035455584526062,"y":-0.02058362029492855,"z":0.00908113643527031,"w":0.9146837592124939},"size":169.54510498046876,"orthographic":true}