{"cameraMode":{"drawMode":0,"name":"Shaded","section":"Shading Mode"},"sceneLighting":false,"audioPlay":false,"sceneViewState":{"m_AlwaysRefresh":false,"showFog":true,"showSkybox":false,"showFlares":true,"showImageEffects":true,"showParticleSystems":true,"showVisualEffectGraphs":true,"m_FxEnabled":true},"in2DMode":false,"pivot":{"x":0.015866637229919435,"y":0.10741496831178665,"z":0.01580408215522766},"rotation":{"x":-0.3322714865207672,"y":0.5643264055252075,"z":-0.26492178440093996,"w":-0.7078345417976379},"size":5.315220832824707,"orthographic":false}